1	79K views	2 months ago	eedi4eZA9hI	maxresdefault	30 Days of Dopamine Detox: Why You Need to Try This
2	77K views	2 months ago	mv8k3ezedfI	maxresdefault	How To Build Unbreakable Consistency (Even When You Feel Like Quitting)
3	55K views	1 month ago	3QwWPZwXkh0	maxresdefault	12 Habits That Rewire Your Brain to Make Quiet Wealth
4	37K views	2 months ago	sSp4SG8uO10	maxresdefault	10 Habits Secretly Causing Brain Rot | Fix it Now
5	35K views	1 month ago	f7ZVzCk8baQ	maxresdefault	These 50 Money Habits Made Me Financially Smarter
6	34K views	2 months ago	Y6-g_9ASXTU	maxresdefault	Confidence Is a Skill: How to Build It From Scratch
7	29K views	3 weeks ago	tVkWOtisWKc	maxresdefault	Train Your Brain With These 7 Morning Habits | No Motivation Needed
8	20K views	1 month ago	JSH17cTjM1M	maxresdefault	30 Tiny Habits That Completely Rewired My Brain
9	18K views	1 month ago	Nmqf7keLmaU	maxresdefault	15 Habits to Destroy Fear and Build Unshakable Confidence
10	16K views	1 month ago	AvONfrKmU6k	maxresdefault	This is How High IQ People Train Their Mind | No BS
11	13K views	1 month ago	EkmJAFv_qQY	maxresdefault	12 Habits to Build a Stronger, Sharper Mind
12	13K views	1 month ago	pA4kXsSyD3Q	maxresdefault	10 Habits That Are Slowly Destroying Your Brain
13	8.2K views	6 days ago	IelJvaDF3aU	maxresdefault	7 Daily Habits That Will Make Your Brain Smarter in 30 Days
14	7.7K views	3 weeks ago	ntCvVDsDC04	maxresdefault	These Quiet Money Habits Are Signs You're Actually Getting Rich (Even When You Don"t See It)
15	7.4K views	1 month ago	hRDI0sg7vX8	maxresdefault	The System Millionaires Build That Changes Everything
16	7.3K views	1 month ago	Bi3C0ShKcrk	maxresdefault	Why the 1% Never Seem to Run Out of Time
17	7.2K views	4 weeks ago	VReqKcBcsGw	maxresdefault	The Mindset That Separates Champions From Everyone Else
18	7K views	2 weeks ago	4JGg5dxWT7c	maxresdefault	Teach Your Brain to Sleep Again | Science-Backed Sleep Habits That Actually Work
19	5.8K views	1 month ago	Y8ue0YStR9Y	maxresdefault	The Brutal Truth About Living for Other People
20	4.7K views	2 weeks ago	OWBfmJjIRRQ	maxresdefault	7 Morning Habits That Separate the Rich From Everyone Else (Before 8AM)
