frame,timestamp,seconds,source_video_frame,file
1,00:00.00,0.00,0,frame-001_00m00.00s.jpg
2,00:09.57,9.57,287,frame-002_00m09.57s.jpg
3,00:16.50,16.50,495,frame-003_00m16.50s.jpg
4,00:19.43,19.43,583,frame-004_00m19.43s.jpg
5,00:22.10,22.10,663,frame-005_00m22.10s.jpg
6,00:23.33,23.33,700,frame-006_00m23.33s.jpg
7,00:23.40,23.40,702,frame-007_00m23.40s.jpg
8,00:26.87,26.87,806,frame-008_00m26.87s.jpg
9,00:26.93,26.93,808,frame-009_00m26.93s.jpg
10,00:28.00,28.00,840,frame-010_00m28.00s.jpg
11,00:34.63,34.63,1039,frame-011_00m34.63s.jpg
12,00:39.67,39.67,1190,frame-012_00m39.67s.jpg
13,00:47.27,47.27,1418,frame-013_00m47.27s.jpg
14,00:49.27,49.27,1478,frame-014_00m49.27s.jpg
15,00:50.13,50.13,1504,frame-015_00m50.13s.jpg
16,00:54.03,54.03,1621,frame-016_00m54.03s.jpg
17,00:57.57,57.57,1727,frame-017_00m57.57s.jpg
18,01:03.43,63.43,1903,frame-018_01m03.43s.jpg
19,01:06.87,66.87,2006,frame-019_01m06.87s.jpg
20,01:08.67,68.67,2060,frame-020_01m08.67s.jpg
21,01:10.33,70.33,2110,frame-021_01m10.33s.jpg
22,01:13.67,73.67,2210,frame-022_01m13.67s.jpg
23,01:24.10,84.10,2523,frame-023_01m24.10s.jpg
24,01:26.40,86.40,2592,frame-024_01m26.40s.jpg
25,01:27.10,87.10,2613,frame-025_01m27.10s.jpg
26,01:41.00,101.00,3030,frame-026_01m41.00s.jpg
27,01:42.83,102.83,3085,frame-027_01m42.83s.jpg
28,01:43.77,103.77,3113,frame-028_01m43.77s.jpg
29,01:46.23,106.23,3187,frame-029_01m46.23s.jpg
30,01:47.10,107.10,3213,frame-030_01m47.10s.jpg
31,01:54.67,114.67,3440,frame-031_01m54.67s.jpg
32,01:58.30,118.30,3549,frame-032_01m58.30s.jpg
33,02:01.37,121.37,3641,frame-033_02m01.37s.jpg
34,02:02.97,122.97,3689,frame-034_02m02.97s.jpg
35,02:07.17,127.17,3815,frame-035_02m07.17s.jpg
36,02:10.87,130.87,3926,frame-036_02m10.87s.jpg
37,02:14.33,134.33,4030,frame-037_02m14.33s.jpg
38,02:18.27,138.27,4148,frame-038_02m18.27s.jpg
39,02:20.47,140.47,4214,frame-039_02m20.47s.jpg
40,02:22.20,142.20,4266,frame-040_02m22.20s.jpg
41,02:28.93,148.93,4468,frame-041_02m28.93s.jpg
42,02:33.27,153.27,4598,frame-042_02m33.27s.jpg
43,02:37.57,157.57,4727,frame-043_02m37.57s.jpg
44,02:44.17,164.17,4925,frame-044_02m44.17s.jpg
45,02:45.17,165.17,4955,frame-045_02m45.17s.jpg
46,02:46.37,166.37,4991,frame-046_02m46.37s.jpg
47,02:53.90,173.90,5217,frame-047_02m53.90s.jpg
48,02:57.33,177.33,5320,frame-048_02m57.33s.jpg
49,03:03.90,183.90,5517,frame-049_03m03.90s.jpg
50,03:08.07,188.07,5642,frame-050_03m08.07s.jpg
51,03:09.07,189.07,5672,frame-051_03m09.07s.jpg
52,03:14.30,194.30,5829,frame-052_03m14.30s.jpg
53,03:14.87,194.87,5846,frame-053_03m14.87s.jpg
54,03:14.97,194.97,5849,frame-054_03m14.97s.jpg
55,03:24.43,204.43,6133,frame-055_03m24.43s.jpg
56,03:25.40,205.40,6162,frame-056_03m25.40s.jpg
57,03:38.83,218.83,6565,frame-057_03m38.83s.jpg
58,03:39.87,219.87,6596,frame-058_03m39.87s.jpg
59,03:41.10,221.10,6633,frame-059_03m41.10s.jpg
60,03:43.17,223.17,6695,frame-060_03m43.17s.jpg
61,03:49.77,229.77,6893,frame-061_03m49.77s.jpg
62,03:55.47,235.47,7064,frame-062_03m55.47s.jpg
63,04:01.83,241.83,7255,frame-063_04m01.83s.jpg
64,04:06.23,246.23,7387,frame-064_04m06.23s.jpg
65,04:23.50,263.50,7905,frame-065_04m23.50s.jpg
66,04:27.73,267.73,8032,frame-066_04m27.73s.jpg
67,04:37.47,277.47,8324,frame-067_04m37.47s.jpg
68,04:38.53,278.53,8356,frame-068_04m38.53s.jpg
69,04:41.47,281.47,8444,frame-069_04m41.47s.jpg
70,04:43.60,283.60,8508,frame-070_04m43.60s.jpg
71,04:46.57,286.57,8597,frame-071_04m46.57s.jpg
72,04:50.27,290.27,8708,frame-072_04m50.27s.jpg
73,04:59.87,299.87,8996,frame-073_04m59.87s.jpg
74,05:04.40,304.40,9132,frame-074_05m04.40s.jpg
75,05:10.33,310.33,9310,frame-075_05m10.33s.jpg
76,05:16.43,316.43,9493,frame-076_05m16.43s.jpg
77,05:23.97,323.97,9719,frame-077_05m23.97s.jpg
78,05:31.77,331.77,9953,frame-078_05m31.77s.jpg
79,05:47.13,347.13,10414,frame-079_05m47.13s.jpg
80,05:48.43,348.43,10453,frame-080_05m48.43s.jpg
81,05:51.43,351.43,10543,frame-081_05m51.43s.jpg
82,05:54.70,354.70,10641,frame-082_05m54.70s.jpg
83,06:05.33,365.33,10960,frame-083_06m05.33s.jpg
84,06:07.27,367.27,11018,frame-084_06m07.27s.jpg
85,06:17.63,377.63,11329,frame-085_06m17.63s.jpg
86,06:20.73,380.73,11422,frame-086_06m20.73s.jpg
87,06:29.20,389.20,11676,frame-087_06m29.20s.jpg
88,06:31.27,391.27,11738,frame-088_06m31.27s.jpg
89,06:44.60,404.60,12138,frame-089_06m44.60s.jpg
90,06:47.17,407.17,12215,frame-090_06m47.17s.jpg
91,06:48.47,408.47,12254,frame-091_06m48.47s.jpg
92,06:50.10,410.10,12303,frame-092_06m50.10s.jpg
93,06:51.23,411.23,12337,frame-093_06m51.23s.jpg
94,07:02.70,422.70,12681,frame-094_07m02.70s.jpg
95,07:05.00,425.00,12750,frame-095_07m05.00s.jpg
96,07:08.23,428.23,12847,frame-096_07m08.23s.jpg
97,07:29.60,449.60,13488,frame-097_07m29.60s.jpg
98,07:31.77,451.77,13553,frame-098_07m31.77s.jpg
99,07:33.53,453.53,13606,frame-099_07m33.53s.jpg
100,07:34.73,454.73,13642,frame-100_07m34.73s.jpg
101,07:35.43,455.43,13663,frame-101_07m35.43s.jpg
102,07:36.53,456.53,13696,frame-102_07m36.53s.jpg
103,07:36.57,456.57,13697,frame-103_07m36.57s.jpg
104,07:39.07,459.07,13772,frame-104_07m39.07s.jpg
105,07:44.27,464.27,13928,frame-105_07m44.27s.jpg
106,07:52.03,472.03,14161,frame-106_07m52.03s.jpg
107,08:00.53,480.53,14416,frame-107_08m00.53s.jpg
108,08:01.43,481.43,14443,frame-108_08m01.43s.jpg
109,08:06.77,486.77,14603,frame-109_08m06.77s.jpg
110,08:07.30,487.30,14619,frame-110_08m07.30s.jpg
111,08:08.13,488.13,14644,frame-111_08m08.13s.jpg
112,08:12.93,492.93,14788,frame-112_08m12.93s.jpg
113,08:22.13,502.13,15064,frame-113_08m22.13s.jpg
114,08:31.27,511.27,15338,frame-114_08m31.27s.jpg
115,08:36.83,516.83,15505,frame-115_08m36.83s.jpg
116,08:38.67,518.67,15560,frame-116_08m38.67s.jpg
117,08:45.90,525.90,15777,frame-117_08m45.90s.jpg
118,08:47.33,527.33,15820,frame-118_08m47.33s.jpg
119,08:55.00,535.00,16050,frame-119_08m55.00s.jpg
120,08:57.80,537.80,16134,frame-120_08m57.80s.jpg
121,09:00.77,540.77,16223,frame-121_09m00.77s.jpg
122,09:06.93,546.93,16408,frame-122_09m06.93s.jpg
123,09:08.53,548.53,16456,frame-123_09m08.53s.jpg
124,09:12.97,552.97,16589,frame-124_09m12.97s.jpg
125,09:14.27,554.27,16628,frame-125_09m14.27s.jpg
126,09:19.43,559.43,16783,frame-126_09m19.43s.jpg
127,09:27.57,567.57,17027,frame-127_09m27.57s.jpg
128,09:30.37,570.37,17111,frame-128_09m30.37s.jpg
129,09:32.80,572.80,17184,frame-129_09m32.80s.jpg
130,09:42.63,582.63,17479,frame-130_09m42.63s.jpg
131,09:44.17,584.17,17525,frame-131_09m44.17s.jpg
132,09:57.63,597.63,17929,frame-132_09m57.63s.jpg
133,10:06.20,606.20,18186,frame-133_10m06.20s.jpg
134,10:07.23,607.23,18217,frame-134_10m07.23s.jpg
135,10:11.87,611.87,18356,frame-135_10m11.87s.jpg
136,10:22.07,622.07,18662,frame-136_10m22.07s.jpg
137,10:24.07,624.07,18722,frame-137_10m24.07s.jpg
138,10:25.97,625.97,18779,frame-138_10m25.97s.jpg
139,10:31.07,631.07,18932,frame-139_10m31.07s.jpg
140,10:46.03,646.03,19381,frame-140_10m46.03s.jpg
141,10:47.73,647.73,19432,frame-141_10m47.73s.jpg
142,10:47.77,647.77,19433,frame-142_10m47.77s.jpg
143,10:47.97,647.97,19439,frame-143_10m47.97s.jpg
144,10:51.17,651.17,19535,frame-144_10m51.17s.jpg
145,10:53.53,653.53,19606,frame-145_10m53.53s.jpg
146,11:00.67,660.67,19820,frame-146_11m00.67s.jpg
147,11:05.93,665.93,19978,frame-147_11m05.93s.jpg
148,11:09.37,669.37,20081,frame-148_11m09.37s.jpg
149,11:10.53,670.53,20116,frame-149_11m10.53s.jpg
150,11:14.23,674.23,20227,frame-150_11m14.23s.jpg
151,11:24.20,684.20,20526,frame-151_11m24.20s.jpg
152,11:24.47,684.47,20534,frame-152_11m24.47s.jpg
153,11:28.17,688.17,20645,frame-153_11m28.17s.jpg
154,11:37.07,697.07,20912,frame-154_11m37.07s.jpg
155,11:45.20,705.20,21156,frame-155_11m45.20s.jpg
156,11:50.20,710.20,21306,frame-156_11m50.20s.jpg
157,11:51.87,711.87,21356,frame-157_11m51.87s.jpg
158,11:53.53,713.53,21406,frame-158_11m53.53s.jpg
159,11:58.83,718.83,21565,frame-159_11m58.83s.jpg
160,12:05.23,725.23,21757,frame-160_12m05.23s.jpg
161,12:06.60,726.60,21798,frame-161_12m06.60s.jpg
162,12:11.30,731.30,21939,frame-162_12m11.30s.jpg
163,12:24.93,744.93,22348,frame-163_12m24.93s.jpg
164,12:25.03,745.03,22351,frame-164_12m25.03s.jpg
165,12:26.47,746.47,22394,frame-165_12m26.47s.jpg
166,12:35.20,755.20,22656,frame-166_12m35.20s.jpg
167,12:41.03,761.03,22831,frame-167_12m41.03s.jpg
168,12:41.23,761.23,22837,frame-168_12m41.23s.jpg
169,12:45.23,765.23,22957,frame-169_12m45.23s.jpg
170,12:46.50,766.50,22995,frame-170_12m46.50s.jpg
171,12:53.80,773.80,23214,frame-171_12m53.80s.jpg
172,12:55.70,775.70,23271,frame-172_12m55.70s.jpg
173,12:56.47,776.47,23294,frame-173_12m56.47s.jpg
174,12:59.47,779.47,23384,frame-174_12m59.47s.jpg
175,13:00.97,780.97,23429,frame-175_13m00.97s.jpg
176,13:04.67,784.67,23540,frame-176_13m04.67s.jpg
177,13:04.80,784.80,23544,frame-177_13m04.80s.jpg
178,13:06.40,786.40,23592,frame-178_13m06.40s.jpg
179,13:11.90,791.90,23757,frame-179_13m11.90s.jpg
180,13:21.60,801.60,24048,frame-180_13m21.60s.jpg
181,13:21.80,801.80,24054,frame-181_13m21.80s.jpg
182,13:23.73,803.73,24112,frame-182_13m23.73s.jpg
183,13:31.33,811.33,24340,frame-183_13m31.33s.jpg
184,13:31.53,811.53,24346,frame-184_13m31.53s.jpg
185,13:32.53,812.53,24376,frame-185_13m32.53s.jpg
186,13:38.43,818.43,24553,frame-186_13m38.43s.jpg
187,13:39.07,819.07,24572,frame-187_13m39.07s.jpg
188,13:39.73,819.73,24592,frame-188_13m39.73s.jpg
189,13:42.47,822.47,24674,frame-189_13m42.47s.jpg
190,13:49.17,829.17,24875,frame-190_13m49.17s.jpg
191,13:51.80,831.80,24954,frame-191_13m51.80s.jpg
192,13:58.27,838.27,25148,frame-192_13m58.27s.jpg
193,13:59.10,839.10,25173,frame-193_13m59.10s.jpg
194,14:01.23,841.23,25237,frame-194_14m01.23s.jpg
195,14:05.27,845.27,25358,frame-195_14m05.27s.jpg
196,14:06.80,846.80,25404,frame-196_14m06.80s.jpg
197,14:19.43,859.43,25783,frame-197_14m19.43s.jpg
198,14:19.53,859.53,25786,frame-198_14m19.53s.jpg
199,14:20.27,860.27,25808,frame-199_14m20.27s.jpg
200,14:32.30,872.30,26169,frame-200_14m32.30s.jpg
201,14:41.93,881.93,26458,frame-201_14m41.93s.jpg
202,14:43.17,883.17,26495,frame-202_14m43.17s.jpg
203,14:47.20,887.20,26616,frame-203_14m47.20s.jpg
204,14:49.40,889.40,26682,frame-204_14m49.40s.jpg
205,14:52.13,892.13,26764,frame-205_14m52.13s.jpg
206,14:53.40,893.40,26802,frame-206_14m53.40s.jpg
207,14:56.40,896.40,26892,frame-207_14m56.40s.jpg
208,15:00.00,900.00,27000,frame-208_15m00.00s.jpg
209,15:01.27,901.27,27038,frame-209_15m01.27s.jpg
210,15:04.80,904.80,27144,frame-210_15m04.80s.jpg
211,15:09.97,909.97,27299,frame-211_15m09.97s.jpg
212,15:12.43,912.43,27373,frame-212_15m12.43s.jpg
213,15:19.60,919.60,27588,frame-213_15m19.60s.jpg
214,15:26.13,926.13,27784,frame-214_15m26.13s.jpg
215,15:26.40,926.40,27792,frame-215_15m26.40s.jpg
216,15:28.20,928.20,27846,frame-216_15m28.20s.jpg
217,15:33.77,933.77,28013,frame-217_15m33.77s.jpg
218,15:40.80,940.80,28224,frame-218_15m40.80s.jpg
219,15:43.23,943.23,28297,frame-219_15m43.23s.jpg
220,15:51.30,951.30,28539,frame-220_15m51.30s.jpg
221,15:58.67,958.67,28760,frame-221_15m58.67s.jpg
222,16:01.17,961.17,28835,frame-222_16m01.17s.jpg
223,16:03.00,963.00,28890,frame-223_16m03.00s.jpg
224,16:05.33,965.33,28960,frame-224_16m05.33s.jpg
225,16:12.33,972.33,29170,frame-225_16m12.33s.jpg
226,16:13.37,973.37,29201,frame-226_16m13.37s.jpg
227,16:15.23,975.23,29257,frame-227_16m15.23s.jpg
228,16:25.93,985.93,29578,frame-228_16m25.93s.jpg
229,16:35.57,995.57,29867,frame-229_16m35.57s.jpg
230,16:47.50,1007.50,30225,frame-230_16m47.50s.jpg
231,16:51.40,1011.40,30342,frame-231_16m51.40s.jpg
232,16:57.83,1017.83,30535,frame-232_16m57.83s.jpg
233,17:12.20,1032.20,30966,frame-233_17m12.20s.jpg
234,17:14.37,1034.37,31031,frame-234_17m14.37s.jpg
235,17:16.13,1036.13,31084,frame-235_17m16.13s.jpg
236,17:17.43,1037.43,31123,frame-236_17m17.43s.jpg
237,17:19.00,1039.00,31170,frame-237_17m19.00s.jpg
238,17:24.20,1044.20,31326,frame-238_17m24.20s.jpg
239,17:28.10,1048.10,31443,frame-239_17m28.10s.jpg
240,17:37.57,1057.57,31727,frame-240_17m37.57s.jpg
241,17:43.30,1063.30,31899,frame-241_17m43.30s.jpg
242,17:44.97,1064.97,31949,frame-242_17m44.97s.jpg
243,17:52.17,1072.17,32165,frame-243_17m52.17s.jpg
244,17:54.63,1074.63,32239,frame-244_17m54.63s.jpg
245,18:01.30,1081.30,32439,frame-245_18m01.30s.jpg
246,18:02.57,1082.57,32477,frame-246_18m02.57s.jpg
247,18:11.43,1091.43,32743,frame-247_18m11.43s.jpg
248,18:19.27,1099.27,32978,frame-248_18m19.27s.jpg
249,18:22.57,1102.57,33077,frame-249_18m22.57s.jpg
250,18:28.20,1108.20,33246,frame-250_18m28.20s.jpg
251,18:28.43,1108.43,33253,frame-251_18m28.43s.jpg
252,18:29.70,1109.70,33291,frame-252_18m29.70s.jpg
253,18:42.87,1122.87,33686,frame-253_18m42.87s.jpg
254,18:49.43,1129.43,33883,frame-254_18m49.43s.jpg
255,18:54.97,1134.97,34049,frame-255_18m54.97s.jpg
256,18:58.67,1138.67,34160,frame-256_18m58.67s.jpg
257,19:00.03,1140.03,34201,frame-257_19m00.03s.jpg
258,19:01.27,1141.27,34238,frame-258_19m01.27s.jpg
259,19:13.40,1153.40,34602,frame-259_19m13.40s.jpg
260,19:22.97,1162.97,34889,frame-260_19m22.97s.jpg
261,19:33.33,1173.33,35200,frame-261_19m33.33s.jpg
262,19:44.37,1184.37,35531,frame-262_19m44.37s.jpg
263,19:47.40,1187.40,35622,frame-263_19m47.40s.jpg
264,19:50.47,1190.47,35714,frame-264_19m50.47s.jpg
265,19:53.37,1193.37,35801,frame-265_19m53.37s.jpg
266,19:57.23,1197.23,35917,frame-266_19m57.23s.jpg
267,20:01.70,1201.70,36051,frame-267_20m01.70s.jpg
268,20:02.53,1202.53,36076,frame-268_20m02.53s.jpg
269,20:03.90,1203.90,36117,frame-269_20m03.90s.jpg
270,20:05.87,1205.87,36176,frame-270_20m05.87s.jpg
271,20:11.90,1211.90,36357,frame-271_20m11.90s.jpg
272,20:13.90,1213.90,36417,frame-272_20m13.90s.jpg
273,20:21.53,1221.53,36646,frame-273_20m21.53s.jpg
274,20:25.87,1225.87,36776,frame-274_20m25.87s.jpg
275,20:27.27,1227.27,36818,frame-275_20m27.27s.jpg
276,20:28.20,1228.20,36846,frame-276_20m28.20s.jpg
277,20:31.90,1231.90,36957,frame-277_20m31.90s.jpg
278,20:32.77,1232.77,36983,frame-278_20m32.77s.jpg
279,20:38.27,1238.27,37148,frame-279_20m38.27s.jpg
280,20:38.57,1238.57,37157,frame-280_20m38.57s.jpg
281,20:40.87,1240.87,37226,frame-281_20m40.87s.jpg
282,20:48.77,1248.77,37463,frame-282_20m48.77s.jpg
283,20:54.20,1254.20,37626,frame-283_20m54.20s.jpg
284,20:58.13,1258.13,37744,frame-284_20m58.13s.jpg
285,20:58.17,1258.17,37745,frame-285_20m58.17s.jpg
286,21:04.53,1264.53,37936,frame-286_21m04.53s.jpg
287,21:04.77,1264.77,37943,frame-287_21m04.77s.jpg
288,21:06.50,1266.50,37995,frame-288_21m06.50s.jpg
289,21:10.67,1270.67,38120,frame-289_21m10.67s.jpg
290,21:21.37,1281.37,38441,frame-290_21m21.37s.jpg
291,21:29.40,1289.40,38682,frame-291_21m29.40s.jpg
292,21:38.90,1298.90,38967,frame-292_21m38.90s.jpg
293,21:52.73,1312.73,39382,frame-293_21m52.73s.jpg
294,21:55.07,1315.07,39452,frame-294_21m55.07s.jpg
295,21:55.77,1315.77,39473,frame-295_21m55.77s.jpg
296,21:56.60,1316.60,39498,frame-296_21m56.60s.jpg
297,21:57.43,1317.43,39523,frame-297_21m57.43s.jpg
298,21:58.37,1318.37,39551,frame-298_21m58.37s.jpg
299,22:01.70,1321.70,39651,frame-299_22m01.70s.jpg
300,22:08.10,1328.10,39843,frame-300_22m08.10s.jpg
301,22:10.87,1330.87,39926,frame-301_22m10.87s.jpg
302,22:20.80,1340.80,40224,frame-302_22m20.80s.jpg
303,22:24.60,1344.60,40338,frame-303_22m24.60s.jpg
304,22:26.77,1346.77,40403,frame-304_22m26.77s.jpg
305,22:28.33,1348.33,40450,frame-305_22m28.33s.jpg
306,22:34.70,1354.70,40641,frame-306_22m34.70s.jpg
307,22:36.27,1356.27,40688,frame-307_22m36.27s.jpg
308,22:37.97,1357.97,40739,frame-308_22m37.97s.jpg
309,22:49.20,1369.20,41076,frame-309_22m49.20s.jpg
310,22:52.10,1372.10,41163,frame-310_22m52.10s.jpg
311,22:56.93,1376.93,41308,frame-311_22m56.93s.jpg
312,23:05.67,1385.67,41570,frame-312_23m05.67s.jpg
313,23:07.53,1387.53,41626,frame-313_23m07.53s.jpg
314,23:08.93,1388.93,41668,frame-314_23m08.93s.jpg
315,23:12.60,1392.60,41778,frame-315_23m12.60s.jpg
316,23:19.70,1399.70,41991,frame-316_23m19.70s.jpg
317,23:22.83,1402.83,42085,frame-317_23m22.83s.jpg
318,23:32.37,1412.37,42371,frame-318_23m32.37s.jpg
319,23:34.97,1414.97,42449,frame-319_23m34.97s.jpg
320,23:36.13,1416.13,42484,frame-320_23m36.13s.jpg
321,23:44.90,1424.90,42747,frame-321_23m44.90s.jpg
322,23:54.60,1434.60,43038,frame-322_23m54.60s.jpg
323,23:56.50,1436.50,43095,frame-323_23m56.50s.jpg
324,23:57.20,1437.20,43116,frame-324_23m57.20s.jpg
325,24:02.50,1442.50,43275,frame-325_24m02.50s.jpg
326,24:04.47,1444.47,43334,frame-326_24m04.47s.jpg
327,24:07.43,1447.43,43423,frame-327_24m07.43s.jpg
328,24:11.30,1451.30,43539,frame-328_24m11.30s.jpg
329,24:13.93,1453.93,43618,frame-329_24m13.93s.jpg
330,24:19.97,1459.97,43799,frame-330_24m19.97s.jpg
331,24:23.43,1463.43,43903,frame-331_24m23.43s.jpg
332,24:50.53,1490.53,44716,frame-332_24m50.53s.jpg
333,24:50.87,1490.87,44726,frame-333_24m50.87s.jpg
334,24:52.97,1492.97,44789,frame-334_24m52.97s.jpg
335,24:56.90,1496.90,44907,frame-335_24m56.90s.jpg
336,25:02.07,1502.07,45062,frame-336_25m02.07s.jpg
337,25:12.27,1512.27,45368,frame-337_25m12.27s.jpg
338,25:16.30,1516.30,45489,frame-338_25m16.30s.jpg
339,25:20.63,1520.63,45619,frame-339_25m20.63s.jpg
340,25:30.47,1530.47,45914,frame-340_25m30.47s.jpg
341,25:31.33,1531.33,45940,frame-341_25m31.33s.jpg
342,25:33.50,1533.50,46005,frame-342_25m33.50s.jpg
343,25:38.03,1538.03,46141,frame-343_25m38.03s.jpg
344,25:49.53,1549.53,46486,frame-344_25m49.53s.jpg
345,25:51.63,1551.63,46549,frame-345_25m51.63s.jpg
346,25:54.17,1554.17,46625,frame-346_25m54.17s.jpg
347,26:11.10,1571.10,47133,frame-347_26m11.10s.jpg
348,26:13.20,1573.20,47196,frame-348_26m13.20s.jpg
349,26:13.97,1573.97,47219,frame-349_26m13.97s.jpg
