1	2M views	1 month ago	XWQz7Fh2X58	maxresdefault	Why Do Predators Ignore Sleeping Humans?
2	409K views	1 month ago	ZcUn_n4vmm8	maxresdefault	Why Do We Always Need to Pet Everything?
3	245K views	3 weeks ago	Q0uEam1gNsI	maxresdefault	Why Do Animals Bring Babies to Humans?
4	152K views	1 month ago	clMvmiiM_Ro	maxresdefault	What Did Humans Eat Before Fire?
5	127K views	1 month ago	BVC0w8bX8A4	maxresdefault	Could Ancient Humans Become Obese?
6	59K views	1 month ago	WoIKg5fttKE	maxresdefault	How Did Ancient Humans Actually Fall in Love?
7	45K views	3 weeks ago	S0uST0ypVLc	maxresdefault	Why Do Cats and Dogs Fight?
8	30K views	2 weeks ago	tryBwJN6IYY	maxresdefault	When Did Early Humans Start Eating Salt?
9	24K views	2 weeks ago	FQdY1KY0UCk	maxresdefault	Why Do Some Animals Live Longer?
10	24K views	1 month ago	K36snAvIhwc	maxresdefault	How Did Ancient Humans Build Everything?
11	21K views	6 days ago	FP18BCf5JUo	maxresdefault	At What Age Did Most Ancient Humans Die?
12	21K views	1 month ago	qUJjBGuXVIQ	maxresdefault	Why Did Animals Learn to Fear Us?
13	17K views	4 weeks ago	K0BJWxbPql4	maxresdefault	How Did Ancient Humans Live Without Houses?
14	16K views	2 days ago	VmBEYMoZaAc	maxresdefault	Why Don’t Orcas Hunt Humans?
15	15K views	1 month ago	cBgz5mEHR_E	maxresdefault	Why Are Predators Afraid of Our Thumbs?
16	15K views	4 weeks ago	cNPv6lcQkFQ	maxresdefault	Did Ancient Humans Actually Live Underground?
17	12K views	10 days ago	gS7PdS1lXaQ	maxresdefault	Why Do Falling Dreams Feel Real?
18	11K views	1 month ago	w5g9xtYcAfg	maxresdefault	Why Is One Hand Dominant?
19	10K views	1 month ago	Y9UEac9_2ZQ	maxresdefault	How Did Ancient Humans Hunt Giant Animals?
20	8.2K views	1 month ago	PHqSTrOvCWg	maxresdefault	What Happened After Ancient Humans Found Fire?
